{"train_loss": [1.6115073943749452, 1.2695634307345094, 1.1256786691836822, 1.0313740420205642, 0.971017430310915, 0.9279865955355501, 0.9003590858220375, 0.8725605562881187, 0.8489967256869346, 0.8307849262175058, 0.8181868273648102, 0.8058334251075049, 0.7895155739240837, 0.7813786232573354, 0.7678862740511229, 0.7646740384590931, 0.7530166841300464, 0.7465748173898441, 0.7384256216195914, 0.7320793367009557, 0.7270958681731482, 0.7242679694439271, 0.7194944412959607, 0.7169056653636813, 0.711356606748369, 0.7184878725271958, 0.7164939801577489, 0.7124605391100262, 0.7079473964848749, 0.7154287732394672, 0.7015220033816802, 0.7046656505844192, 0.7050366958661637, 0.7011150429051826, 0.7049610461944189, 0.7031700473565322, 0.7079852866990614, 0.704006199653332, 0.6991383221074726, 0.7036448390225739, 0.5370292812161296, 0.4711011112415553, 0.4440655428969283, 0.4270777152134822, 0.4126910535019008, 0.40344551910362353, 0.3926132427491354, 0.38329114206665943, 0.37718619401977954, 0.3707202591023214, 0.3691035233586602, 0.3670765234109683, 0.36200695975213987, 0.35902107139768086, 0.35342683483902204, 0.3546402451829014, 0.3522489068345127, 0.3505197385182747, 0.34937566136702514, 0.34642321686459404, 0.35115705014463844, 0.3422934924944853, 0.344492673746541, 0.3415957727493384, 0.3364253528946825, 0.3382899890258441, 0.3366849512031615, 0.3359470334317949, 0.3358758705803472, 0.3352447929035904, 0.3316286244878062, 0.3326817422341078, 0.33213605992814416, 0.32568162055606514, 0.3240652433742485, 0.3228578046601043, 0.3262431726411537, 0.3224343599756898, 0.32174270963057494, 0.31955329704488444, 0.25950843117006145, 0.23516697281616025, 0.22557444178480707, 0.2218785027195925, 0.21468101564975206, 0.20763934017331512, 0.20741231363807988, 0.2006924039660356, 0.2009484028799242, 0.19713919338082994, 0.196562652149771, 0.19062206002636853, 0.19131864792006648, 0.1871382396700036, 0.18443102659153462, 0.1845407482565638, 0.18616919964551926, 0.17804120911916776, 0.1808102497050905, 0.17551727750022866], "train_err": [58.82523148148148, 45.17672720797721, 39.765847578347575, 36.28472222222222, 33.75400641025641, 32.19595797720798, 31.383547008547012, 29.945690883190878, 29.193376068376068, 28.51896367521367, 28.022613960113958, 27.742165242165242, 26.798433048433054, 26.535790598290603, 26.290954415954417, 26.12847222222223, 25.765669515669515, 25.54754273504274, 25.068999287749293, 25.080128205128204, 24.759615384615387, 24.646100427350433, 24.60603632478633, 24.321136039886042, 24.05849358974359, 24.7039707977208, 24.425747863247864, 24.08965455840456, 24.002849002849004, 24.383457977207982, 23.960559116809122, 23.969462250712255, 23.938301282051285, 23.737980769230774, 23.90268874643874, 24.036235754985753, 24.0295584045584, 23.95388176638177, 23.677884615384613, 24.05626780626781, 17.83742877492878, 15.625, 14.665687321937327, 14.291755698005701, 13.750890313390315, 13.383636039886042, 13.000801282051285, 12.833867521367523, 12.604611823361822, 12.368678774928782, 12.219551282051285, 12.14164886039886, 11.925747863247864, 11.892361111111114, 11.585202991452988, 11.433849715099711, 11.634170227920222, 11.511752136752136, 11.672008547008545, 11.520655270655269, 11.694266381766383, 11.193465099715098, 11.409366096866094, 11.306980056980052, 11.1266915954416, 11.213497150997156, 11.022079772079778, 11.097756410256409, 11.006499287749293, 11.117788461538467, 10.97088675213675, 10.852920227920222, 10.823985042735046, 10.752759971509974, 10.594729344729345, 10.519052706552714, 10.930822649572647, 10.54576210826211, 10.523504273504273, 10.54576210826211, 8.259882478632477, 7.48308404558405, 6.988960113960118, 6.948896011396016, 6.646189458689463, 6.450320512820511, 6.497061965811966, 6.243322649572647, 6.2210648148148096, 6.0786146723646794, 6.034099002849004, 5.793714387464391, 5.758101851851848, 5.664618945868952, 5.6557158119658055, 5.642361111111114, 5.59339387464388, 5.288461538461533, 5.56223290598291, 5.364138176638178], "val_loss": [1.4108321348190307, 1.1993543174743653, 1.0655046424865722, 0.9781240587234497, 1.0891453796386719, 0.8541003421783447, 0.906128297996521, 0.8196438961982727, 0.9277717484474182, 1.0469072633743286, 0.7967635686874389, 0.7778089814186097, 0.9161592352867126, 0.7742844674110413, 0.7990420939445496, 0.638870092010498, 0.9182255259513855, 0.7828504524230957, 0.7398692268371582, 0.9280195502281189, 0.8204163365364074, 0.9409972563743592, 0.7506945616722107, 0.6685440578460693, 0.7451215571403503, 0.7096572595596313, 0.9216097351074218, 0.6805219398498535, 0.8096814389228821, 0.8459206955909729, 0.6875492710113525, 0.7404483592033386, 0.6466404181480407, 0.7633419101715088, 0.6654225575447082, 0.6884224493026734, 0.8301901589393615, 0.6681480211257934, 0.7313178883552551, 0.9527206997871399, 0.4173578769683838, 0.41308546624183656, 0.40511110043525694, 0.3895992248058319, 0.354177073097229, 0.3585188301563263, 0.36657058267593384, 0.36085130896568296, 0.3629400188446045, 0.3688034813404083, 0.3923426206111908, 0.34712513575553894, 0.34374381828308104, 0.4027668499469757, 0.3631139669418335, 0.3702904304027557, 0.33971114187240603, 0.379118265247345, 0.3516163280010223, 0.36145030403137207, 0.35724615592956543, 0.32920578141212464, 0.34402729516029357, 0.4057360602378845, 0.3851964312553406, 0.3598377526283264, 0.35859114246368406, 0.3780924577713013, 0.39668222823143007, 0.44384764552116396, 0.3722050163269043, 0.3813838346481323, 0.35844817271232604, 0.3952331729412079, 0.3542814651966095, 0.3435770134449005, 0.3237156109333038, 0.39344538321495054, 0.4085154173374176, 0.3739781576156616, 0.2880446056842804, 0.28266976737976074, 0.2752679067373276, 0.27714672038555144, 0.28129904413223267, 0.2720994399547577, 0.264221484208107, 0.26906445457935335, 0.27355883202552794, 0.26719745903015135, 0.2718862507343292, 0.26643199231624604, 0.2551074569225311, 0.26351562163829806, 0.2616407397508621, 0.26575028042793275, 0.2629484400510788, 0.2658637371301651, 0.26268228969573976, 0.2706210809469223], "val_err": [50.19999992370605, 43.73999995231628, 37.520000019073485, 33.85999994277954, 37.09999994277954, 29.940000009536746, 31.739999971389764, 28.03999995231628, 31.699999990463255, 35.099999999999994, 27.17999998092651, 26.78, 29.739999971389764, 26.759999961853026, 27.299999999999997, 22.28000002861023, 33.68000004768372, 26.619999933242795, 25.259999961853026, 32.29999997138977, 28.060000000000002, 32.21999991416931, 25.799999923706054, 22.900000028610236, 25.719999942779538, 23.940000066757207, 31.59999995231628, 22.379999923706052, 27.44000001907348, 28.82000001907349, 23.659999942779535, 24.619999971389774, 21.58000004768371, 25.479999980926507, 22.4800000667572, 23.6200000667572, 28.900000000000006, 22.939999942779536, 24.799999942779536, 31.17999999046326, 13.999999923706056, 13.619999961853026, 13.800000057220458, 13.180000000000007, 11.980000000000004, 12.380000019073492, 12.699999942779542, 12.459999980926511, 12.319999999999993, 12.299999942779536, 13.140000019073483, 12.219999999999999, 11.879999942779534, 13.839999961853025, 12.159999942779535, 12.719999942779538, 11.67999998092651, 12.800000038146976, 11.559999923706059, 12.159999999999997, 12.159999942779535, 11.23999996185303, 11.699999961853024, 13.859999914169308, 12.899999933242796, 12.32000001907349, 12.36, 12.59999996185303, 13.020000038146975, 14.359999914169308, 12.879999980926513, 12.680000028610223, 11.799999923706054, 12.939999980926515, 11.339999942779542, 11.319999990463259, 10.700000047683716, 13.640000057220462, 13.759999961853026, 12.319999999999993, 9.280000066757196, 9.09999992370605, 8.840000066757199, 9.020000066757206, 9.200000066757198, 8.97999992370606, 8.940000066757207, 8.760000047683718, 8.859999923706056, 8.81999992370605, 9.259999961853026, 8.939999923706054, 8.360000047683712, 8.919999923706058, 8.560000066757198, 8.859999923706056, 8.620000047683718, 8.700000047683716, 8.660000066757206, 8.72000002861023]}